 ,,平日,,~開節目介紹頁使用~,,梁靜如+BigBang,,BigBang加場,,丁噹,,Bigbang視野不良+張清芳,,P12 一般售票+商品,,金馬,,ONE OK ROCK,,蘇打綠,,P12中古重開賣,,P12 複賽開賣,,Bon Iver,,2016 劉若英,,WTA,,SUPER JUNIOR SPECIAL EVENT,,2016 安室,,2016 丁噹,,CTFA足球,,2016 少女時代,,2016 金馬奇幻,,2016 少女時代(資料補填),,2016 林憶蓮,,2016 flumpool,,2016 超犀利趴(犀利卡+富邦),,2016 超犀利趴(一般),,2016 羅志祥,,2016 羅志祥(加場),,2016 宇宙人,,2016 中職明星賽早鳥 (套票+中信),,2016 CP查理+愛最大,,2016 中職明星賽 (中信),,2016 中職明星賽 (一般),,2016 五月天,,2016 冰上盛典,,2016 愛最大商品,,蘇打綠IN夏天,,2016 五月天 高雄,,蘇打綠IN夏天(填地址),,蘇打綠身障,,兄弟本色,,seventeen,,Queen,,天蠍,,五月天釋票,, LEE HI 李遐怡,,五月天高雄釋票,,蕭煌奇,,EXID,,EXID(清票),,金希澈,,seventeen 加場,,seventeen 加場(暫時),,蘇打綠釋票(912),,,,,,,,,,,,,,,
,,Read,Write,Read,Write,Read,Write,Read,Write,Read,Write,Read,Write,Read,Write,Read,Write,Read,Write,Read,Write,Read,Write,Read,Write,Read,Write,Read,Write,Read,Write,Read,Write,Read,Write,Read,Write,Read,Write,Read,Write,Read,Write,Read,Write,Read,Write,Read,Write,Read,Write,Read,Write,Read,Write,Read,Write,Read,Write,Read,Write,Read,Write,Read,Write,Read,Write,Read,Write,Read,Write,Read,Write,Read,Write,Read,Write,Read,Write,Read,Write,Read,Write,Read,Write,Read,Write,Read,Write,Read,Write,Read,Write,Read,Write,Read,Write,Read,Write,Read,Write,Read,Write,Read,Write,Read,Write,Read,Write,,,,,,,,,,,,,,
AllocateProcessState,(Table),100 ,10 ,100 ,10 ,1000 ,4000 ,1000 ,10000 ,500 ,10000 ,500 ,10000 ,500 ,10000 ,100 ,754 ,100 ,1000 ,100 ,3810 ,100 ,444 ,100 ,85 ,100 ,100 ,100 ,2538 ,100 ,83 ,100 ,5956 ,100 ,9000 ,100 ,2233 ,100 ,3000 ,100 ,8710 ,100 ,2526 ,100 ,218 ,100 ,3214 ,100 ,2069 ,100 ,741 ,100 ,2222 ,100 ,3214 ,100 ,2143 ,100 ,1135 ,100 ,9000 ,100 ,14286 ,100 ,492 ,100 ,197 ,100 ,46875 ,100 ,324 ,100 ,4500 ,100 ,24107 ,100 ,4141 ,100 ,1205 ,100 ,1286 ,100 ,20000 ,100 ,120000 ,100 ,15000 ,100 ,7200 ,100 ,4141 ,100 ,24000 ,100 ,736 ,100 ,1304 ,100 ,16000 ,100 ,2000 ,100 ,3556 ,100 ,24000 ,100 ,5000 ,100 ,1841 ,,,,,,,,,,,,,,
,processIdCount,100 ,10 ,100 ,10 ,1000 ,4000 ,1000 ,4000 ,500 ,500 ,500 ,500 ,500 ,500 ,100 ,750 ,100 ,1500 ,100 ,6000 ,100 ,100 ,100 ,100 ,100 ,10 ,100 ,825 ,100 ,75 ,100 ,2250 ,100 ,2250 ,100 ,600 ,100 ,75 ,100 ,3000 ,100 ,525 ,100 ,75 ,100 ,2250 ,100 ,375 ,100 ,375 ,100 ,1125 ,100 ,2250 ,100 ,750 ,100 ,263 ,100 ,225 ,100 ,3750 ,100 ,375 ,100 ,150 ,100 ,18750 ,100 ,150 ,100 ,75 ,100 ,7500 ,100 ,15000 ,100 ,375 ,100 ,225 ,100 ,1125 ,100 ,750 ,100 ,750 ,100 ,225 ,100 ,3750 ,100 ,750 ,100 ,1500 ,100 ,375 ,100 ,600 ,100 ,75 ,100 ,600 ,100 ,750 ,100 ,263 ,100 ,225 ,,,,,,,,,,,,,,
AllocateTicket,(Table),10 ,10 ,10 ,10 ,5000 ,2000 ,100000 ,5000 ,5000 ,500 ,5000 ,500 ,5000 ,500 ,2250 ,750 ,4500 ,1500 ,18000 ,6000 ,400 ,100 ,400 ,100 ,100 ,10 ,2475 ,825 ,225 ,75 ,6750 ,2250 ,6750 ,2250 ,1800 ,600 ,225 ,75 ,9000 ,3000 ,1575 ,525 ,225 ,75 ,6750 ,2250 ,1125 ,375 ,1125 ,375 ,3375 ,1125 ,6750 ,2250 ,2250 ,750 ,788 ,263 ,675 ,225 ,11250 ,3750 ,1125 ,375 ,450 ,150 ,56250 ,18750 ,450 ,150 ,225 ,75 ,25000 ,2000 ,50000 ,4000 ,1250 ,100 ,750 ,60 ,3750 ,300 ,2500 ,200 ,2500 ,200 ,750 ,60 ,12500 ,1000 ,2500 ,200 ,5000 ,400 ,1250 ,100 ,2000 ,160 ,250 ,20 ,2000 ,160 ,2500 ,1000 ,875 ,1000 ,750 ,1000 ,,,,,,,,,,,,,,
,gamecodeCreateTime,10 ,10 ,10 ,10 ,,,,,,,,,,,,,,,,,,,,,,,,,,,,,,,,,,,,,,,,,,,,,,,,,,,,,,,,,10 ,3750 ,10 ,375 ,10 ,150 ,10 ,18750 ,10 ,150 ,10 ,75 ,100 ,2000 ,100 ,4000 ,100 ,100 ,100 ,60 ,100 ,300 ,100 ,200 ,100 ,200 ,100 ,60 ,100 ,1000 ,100 ,200 ,100 ,400 ,100 ,100 ,100 ,160 ,100 ,20 ,100 ,160 ,100 ,200 ,100 ,70 ,100 ,60 ,,,,,,,,,,,,,,
,requestCreateTime,10 ,10 ,10 ,10 ,100 ,1000 ,100 ,1000 ,10 ,500 ,10 ,500 ,10 ,500 ,10 ,750 ,10 ,1500 ,100 ,6000 ,100 ,100 ,100 ,100 ,10 ,10 ,100 ,825 ,100 ,75 ,100 ,2250 ,100 ,2250 ,100 ,600 ,100 ,75 ,100 ,3000 ,100 ,525 ,100 ,75 ,100 ,2250 ,100 ,375 ,100 ,375 ,100 ,1125 ,100 ,2250 ,100 ,750 ,100 ,263 ,100 ,225 ,100 ,3750 ,100 ,375 ,100 ,150 ,100 ,18750 ,100 ,150 ,100 ,75 ,100 ,2000 ,100 ,4000 ,100 ,100 ,100 ,60 ,100 ,300 ,100 ,200 ,100 ,200 ,100 ,60 ,100 ,1000 ,100 ,200 ,100 ,400 ,100 ,100 ,100 ,160 ,100 ,20 ,100 ,160 ,100 ,200 ,100 ,70 ,100 ,60 ,,,,,,,,,,,,,,
,ticketOrderIdUpdateTime,10 ,10 ,10 ,10 ,10 ,1000 ,10 ,2000 ,10 ,500 ,10 ,500 ,10 ,500 ,10 ,450 ,10 ,900 ,10 ,3600 ,10 ,60 ,10 ,60 ,10 ,10 ,10 ,495 ,10 ,45 ,10 ,1350 ,10 ,1350 ,10 ,360 ,10 ,45 ,10 ,1800 ,10 ,315 ,10 ,45 ,10 ,1350 ,10 ,225 ,10 ,225 ,10 ,675 ,10 ,1350 ,10 ,450 ,10 ,158 ,10 ,135 ,10 ,2250 ,10 ,225 ,10 ,90 ,10 ,11250 ,10 ,90 ,10 ,45 ,10 ,1000 ,10 ,2000 ,10 ,50 ,10 ,30 ,10 ,150 ,10 ,100 ,10 ,100 ,10 ,30 ,10 ,500 ,10 ,100 ,10 ,200 ,10 ,50 ,10 ,80 ,10 ,10 ,10 ,80 ,10 ,100 ,10 ,35 ,10 ,30 ,,,,,,,,,,,,,,
,userIdCreateTime,10 ,10 ,10 ,10 ,10 ,1000 ,10 ,1000 ,10 ,500 ,10 ,500 ,10 ,500 ,10 ,750 ,10 ,1500 ,10 ,6000 ,10 ,100 ,10 ,100 ,10 ,10 ,10 ,825 ,10 ,75 ,10 ,2250 ,10 ,2250 ,10 ,600 ,10 ,75 ,10 ,3000 ,10 ,525 ,10 ,75 ,10 ,2250 ,10 ,375 ,10 ,375 ,10 ,1125 ,10 ,2250 ,10 ,750 ,10 ,263 ,10 ,225 ,10 ,3750 ,10 ,375 ,10 ,150 ,10 ,18750 ,10 ,150 ,10 ,75 ,10 ,2000 ,10 ,4000 ,10 ,100 ,10 ,60 ,10 ,300 ,10 ,200 ,10 ,200 ,10 ,60 ,10 ,1000 ,10 ,200 ,10 ,400 ,10 ,100 ,10 ,160 ,10 ,20 ,10 ,160 ,10 ,200 ,10 ,70 ,10 ,60 ,,,,,,,,,,,,,,
OrderExtend,(Table),100 ,100 ,100 ,100 ,5000 ,1000 ,5000 ,1000 ,1000 ,100 ,1000 ,100 ,1000 ,100 ,5250 ,10 ,10500 ,10 ,42000 ,10800 ,700 ,100 ,700 ,100 ,100 ,100 ,5775 ,1485 ,525 ,135 ,15750 ,4050 ,15750 ,4050 ,4200 ,1080 ,525 ,135 ,21000 ,5400 ,3675 ,945 ,525 ,135 ,15750 ,4050 ,2625 ,675 ,2625 ,675 ,7875 ,2025 ,15750 ,4050 ,5250 ,1350 ,1838 ,473 ,1575 ,405 ,26250 ,6750 ,2625 ,675 ,1050 ,270 ,1000 ,1000 ,1050 ,270 ,525 ,135 ,1000 ,1000 ,1000 ,1000 ,1000 ,1000 ,1000 ,1000 ,1000 ,100 ,1000 ,100 ,1000 ,100 ,1000 ,1000 ,1000 ,1000 ,1000 ,100 ,1000 ,1000 ,1000 ,100 ,1000 ,100 ,1000 ,100 ,1000 ,100 ,1000 ,100 ,1000 ,100 ,500 ,100 ,,,,,,,,,,,,,,
Queue,(Table),10 ,10 ,10 ,10 ,15000 ,20000 ,15000 ,20000 ,500 ,1000 ,500 ,1000 ,500 ,1000 ,750 ,750 ,1500 ,1500 ,6000 ,10800 ,100 ,180 ,100 ,180 ,100 ,10 ,825 ,1485 ,75 ,135 ,2250 ,4050 ,2250 ,4050 ,600 ,1080 ,75 ,135 ,3000 ,5400 ,525 ,945 ,75 ,135 ,2250 ,4050 ,375 ,675 ,375 ,675 ,1125 ,2025 ,2250 ,4050 ,750 ,1350 ,263 ,473 ,225 ,405 ,3750 ,6750 ,375 ,675 ,150 ,270 ,18750 ,33750 ,150 ,270 ,75 ,135 ,3000 ,2000 ,6000 ,4000 ,150 ,100 ,90 ,60 ,450 ,300 ,300 ,200 ,300 ,200 ,90 ,60 ,1500 ,1000 ,300 ,200 ,600 ,400 ,150 ,100 ,240 ,160 ,30 ,20 ,240 ,160 ,500 ,500 ,500 ,500 ,500 ,500 ,,,,,,,,,,,,,,
,operateCreateTime,10 ,10 ,10 ,10 ,10 ,20000 ,10 ,20000 ,10 ,1000 ,10 ,1000 ,10 ,1000 ,10 ,750 ,10 ,1500 ,10 ,10800 ,10 ,180 ,10 ,180 ,10 ,10 ,10 ,1485 ,10 ,135 ,10 ,4050 ,10 ,4050 ,10 ,1080 ,10 ,135 ,10 ,5400 ,10 ,945 ,10 ,135 ,10 ,4050 ,10 ,675 ,10 ,675 ,10 ,2025 ,10 ,4050 ,10 ,1350 ,10 ,473 ,10 ,405 ,10 ,6750 ,10 ,675 ,10 ,270 ,10 ,33750 ,10 ,270 ,10 ,135 ,200 ,2000 ,200 ,4000 ,200 ,100 ,200 ,60 ,200 ,300 ,200 ,200 ,200 ,200 ,200 ,60 ,200 ,1000 ,200 ,200 ,200 ,400 ,200 ,100 ,200 ,160 ,200 ,20 ,200 ,160 ,200 ,200 ,200 ,70 ,200 ,60 ,,,,,,,,,,,,,,
,requestCreateTime,60 ,10 ,30 ,10 ,100 ,1000 ,100 ,1000 ,10 ,100 ,10 ,100 ,10 ,100 ,10 ,150 ,10 ,300 ,10 ,1200 ,10 ,20 ,10 ,20 ,10 ,10 ,10 ,165 ,10 ,15 ,10 ,450 ,10 ,450 ,10 ,120 ,10 ,15 ,15 ,600 ,15 ,105 ,15 ,15 ,15 ,450 ,15 ,75 ,15 ,75 ,15 ,225 ,15 ,450 ,15 ,150 ,15 ,53 ,15 ,45 ,15 ,750 ,15 ,75 ,15 ,30 ,15 ,3750 ,30 ,30 ,30 ,15 ,100 ,1000 ,100 ,2000 ,100 ,50 ,100 ,30 ,100 ,150 ,100 ,100 ,100 ,100 ,100 ,30 ,100 ,500 ,100 ,100 ,100 ,200 ,100 ,50 ,100 ,80 ,100 ,10 ,100 ,80 ,100 ,100 ,100 ,35 ,100 ,30 ,,,,,,,,,,,,,,
,ticketOrderIdCreateTime,10 ,10 ,10 ,10 ,,,,,,,,,,,,,,,,,,,,,,,10 ,1485 ,10 ,135 ,10 ,4050 ,10 ,4050 ,10 ,1080 ,10 ,1080 ,10 ,4050 ,10 ,1080 ,10 ,4050 ,10 ,4050 ,10 ,675 ,10 ,675 ,10 ,2025 ,10 ,4050 ,10 ,1350 ,10 ,473 ,10 ,405 ,10 ,6750 ,10 ,675 ,10 ,270 ,10 ,33750 ,10 ,270 ,10 ,135 ,200 ,1000 ,200 ,2000 ,200 ,50 ,200 ,30 ,200 ,300 ,200 ,100 ,200 ,100 ,200 ,30 ,200 ,500 ,200 ,100 ,200 ,200 ,200 ,50 ,200 ,80 ,200 ,10 ,200 ,80 ,200 ,100 ,200 ,35 ,200 ,30 ,,,,,,,,,,,,,,
,userIdCreateTime,10 ,10 ,10 ,10 ,,,,,,,,,,,,,,,,,,,,,,,10 ,1485 ,10 ,135 ,10 ,4050 ,10 ,4050 ,10 ,1080 ,10 ,135 ,10 ,5400 ,10 ,945 ,10 ,135 ,10 ,4050 ,10 ,675 ,10 ,675 ,10 ,2025 ,10 ,4050 ,10 ,1350 ,10 ,473 ,10 ,405 ,10 ,6750 ,10 ,675 ,10 ,270 ,10 ,33750 ,10 ,270 ,10 ,135 ,200 ,1000 ,200 ,2000 ,200 ,50 ,200 ,30 ,200 ,150 ,200 ,100 ,200 ,100 ,200 ,30 ,200 ,500 ,200 ,100 ,200 ,200 ,200 ,50 ,200 ,80 ,200 ,10 ,200 ,80 ,200 ,100 ,200 ,35 ,200 ,30 ,,,,,,,,,,,,,,
TicketExtend,(Table),100 ,100 ,100 ,100 ,10000 ,100 ,10000 ,100 ,1000 ,100 ,1000 ,100 ,1000 ,100 ,15000 ,10 ,30000 ,100 ,120000 ,100 ,2000 ,100 ,2000 ,100 ,100 ,100 ,16500 ,165 ,1500 ,15 ,45000 ,450 ,45000 ,450 ,12000 ,120 ,1500 ,15 ,60000 ,600 ,10500 ,105 ,1500 ,15 ,45000 ,450 ,7500 ,75 ,7500 ,75 ,22500 ,225 ,45000 ,450 ,15000 ,150 ,5250 ,53 ,4500 ,45 ,75000 ,750 ,7500 ,75 ,3000 ,30 ,7500 ,1000 ,3000 ,30 ,1500 ,15 ,100 ,100 ,7500 ,1000 ,100 ,100 ,100 ,100 ,300 ,100 ,100 ,100 ,100 ,100 ,100 ,100 ,2000 ,1000 ,100 ,100 ,100 ,100 ,100 ,100 ,100 ,100 ,100 ,100 ,1000 ,500 ,100 ,100 ,100 ,100 ,100 ,100 ,,,,,,,,,,,,,,
,ticketIdCreateTime,100 ,100 ,100 ,100 ,10 ,10 ,10 ,10 ,100 ,100 ,100 ,100 ,100 ,100 ,10 ,10 ,100 ,100 ,100 ,100 ,100 ,100 ,100 ,100 ,100 ,100 ,100 ,100 ,100 ,100 ,100 ,100 ,100 ,100 ,100 ,100 ,100 ,100 ,100 ,100 ,100 ,100 ,100 ,100 ,100 ,100 ,100 ,100 ,100 ,100 ,100 ,100 ,100 ,100 ,100 ,100 ,100 ,100 ,100 ,100 ,100 ,100 ,100 ,100 ,100 ,100 ,100 ,100 ,100 ,100 ,100 ,100 ,100 ,100 ,100 ,100 ,100 ,100 ,100 ,100 ,100 ,100 ,100 ,100 ,100 ,100 ,100 ,100 ,100 ,100 ,100 ,100 ,100 ,100 ,100 ,100 ,100 ,100 ,100 ,100 ,100 ,100 ,100 ,100 ,100 ,100 ,100 ,100 ,,,,,,,,,,,,,,
TicketOrder,(Table),10 ,100 ,10 ,100 ,5000 ,1000 ,10000 ,1000 ,200 ,200 ,200 ,200 ,200 ,200 ,300 ,750 ,600 ,1500 ,2400 ,6000 ,40 ,100 ,40 ,100 ,100 ,100 ,220 ,825 ,20 ,75 ,600 ,2250 ,600 ,2250 ,160 ,600 ,20 ,75 ,800 ,3000 ,140 ,525 ,20 ,75 ,600 ,2250 ,100 ,375 ,100 ,375 ,300 ,1125 ,600 ,2250 ,200 ,750 ,70 ,263 ,60 ,225 ,1000 ,3750 ,100 ,375 ,40 ,150 ,5000 ,18750 ,40 ,150 ,20 ,75 ,1000 ,1000 ,2000 ,2000 ,50 ,50 ,30 ,30 ,150 ,150 ,100 ,100 ,100 ,100 ,30 ,30 ,500 ,500 ,100 ,100 ,200 ,200 ,50 ,50 ,80 ,80 ,10 ,10 ,80 ,80 ,100 ,100 ,35 ,35 ,30 ,30 ,,,,,,,,,,,,,,
,userIdCreateTime,10 ,100 ,10 ,100 ,4000 ,1000 ,4000 ,1000 ,800 ,200 ,800 ,200 ,800 ,200 ,3000 ,750 ,6000 ,1500 ,24000 ,6000 ,400 ,100 ,400 ,100 ,10 ,100 ,3300 ,825 ,300 ,75 ,9000 ,2250 ,9000 ,2250 ,2400 ,600 ,300 ,75 ,12000 ,3000 ,2100 ,525 ,300 ,75 ,9000 ,2250 ,1500 ,375 ,1500 ,375 ,4500 ,1125 ,9000 ,2250 ,3000 ,750 ,1050 ,263 ,900 ,225 ,15000 ,3750 ,1500 ,375 ,600 ,150 ,75000 ,18750 ,600 ,150 ,300 ,75 ,1000 ,1000 ,2000 ,2000 ,50 ,50 ,30 ,30 ,150 ,150 ,100 ,100 ,100 ,100 ,30 ,30 ,500 ,500 ,100 ,100 ,200 ,200 ,50 ,50 ,80 ,80 ,10 ,10 ,80 ,80 ,100 ,100 ,35 ,35 ,30 ,30 ,,,,,,,,,,,,,,
User,(Table),200 ,100 ,200 ,100 ,40000 ,7000 ,40000 ,7000 ,500 ,500 ,500 ,500 ,500 ,500 ,5000 ,500 ,5000 ,2000 ,5000 ,2000 ,1000 ,400 ,1000 ,400 ,10 ,10 ,5000 ,2000 ,5000 ,2000 ,5000 ,2000 ,5000 ,2000 ,5000 ,2000 ,5000 ,2000 ,5000 ,2000 ,5000 ,2000 ,5000 ,2000 ,5000 ,2000 ,5000 ,2000 ,5000 ,2000 ,5000 ,2000 ,5000 ,2000 ,5000 ,2000 ,5000 ,2000 ,5000 ,2000 ,5000 ,2000 ,5000 ,2000 ,1000 ,400 ,5000 ,2000 ,1000 ,400 ,1000 ,400 ,1000 ,1000 ,1000 ,1000 ,1000 ,1000 ,1000 ,1000 ,500 ,500 ,500 ,500 ,500 ,500 ,500 ,500 ,500 ,500 ,500 ,500 ,500 ,500 ,500 ,500 ,500 ,500 ,500 ,500 ,500 ,500 ,500 ,500 ,500 ,500 ,500 ,500 ,,,,,,,,,,,,,,
,adminUpdateTime,200 ,100 ,200 ,100 ,100 ,6000 ,100 ,6000 ,100 ,500 ,100 ,500 ,100 ,500 ,100 ,500 ,100 ,2000 ,100 ,2000 ,100 ,400 ,100 ,400 ,10 ,10 ,100 ,2000 ,100 ,2000 ,100 ,2000 ,100 ,2000 ,100 ,2000 ,100 ,2000 ,100 ,2000 ,100 ,2000 ,100 ,2000 ,100 ,2000 ,100 ,2000 ,100 ,2000 ,100 ,2000 ,100 ,2000 ,100 ,2000 ,100 ,2000 ,100 ,2000 ,100 ,2000 ,100 ,2000 ,50 ,400 ,100 ,2000 ,50 ,400 ,50 ,400 ,100 ,500 ,100 ,500 ,100 ,500 ,100 ,500 ,50 ,250 ,100 ,250 ,100 ,250 ,100 ,250 ,100 ,250 ,100 ,250 ,100 ,250 ,200 ,250 ,200 ,250 ,200 ,250 ,200 ,250 ,100 ,250 ,100 ,250 ,200 ,250 ,,,,,,,,,,,,,,
,emailUpdateTime,10 ,10 ,10 ,10 ,10 ,4000 ,10 ,4000 ,10 ,500 ,10 ,500 ,10 ,500 ,10 ,500 ,10 ,1000 ,10 ,1000 ,10 ,200 ,10 ,200 ,10 ,10 ,10 ,1000 ,10 ,1000 ,10 ,1000 ,10 ,1000 ,10 ,1000 ,10 ,1000 ,10 ,1000 ,10 ,1000 ,10 ,1000 ,10 ,1000 ,10 ,1000 ,10 ,1000 ,10 ,1000 ,10 ,1000 ,10 ,1000 ,10 ,1000 ,10 ,1000 ,10 ,1000 ,10 ,1000 ,10 ,200 ,10 ,1000 ,10 ,200 ,10 ,200 ,10 ,500 ,10 ,500 ,10 ,500 ,10 ,500 ,10 ,250 ,10 ,250 ,10 ,250 ,10 ,250 ,10 ,250 ,10 ,250 ,10 ,250 ,10 ,250 ,10 ,250 ,10 ,250 ,10 ,250 ,10 ,250 ,10 ,250 ,10 ,250 ,,,,,,,,,,,,,,
,nameUpdateTime,10 ,10 ,10 ,10 ,10 ,5000 ,10 ,5000 ,10 ,500 ,10 ,500 ,10 ,500 ,10 ,500 ,10 ,1000 ,10 ,1000 ,10 ,200 ,10 ,200 ,10 ,10 ,10 ,1000 ,10 ,1000 ,10 ,1000 ,10 ,1000 ,10 ,1000 ,10 ,1000 ,10 ,1000 ,10 ,1000 ,10 ,1000 ,10 ,1000 ,10 ,1000 ,10 ,1000 ,10 ,1000 ,10 ,1000 ,10 ,1000 ,10 ,1000 ,10 ,1000 ,10 ,1000 ,10 ,1000 ,10 ,200 ,10 ,1000 ,10 ,200 ,10 ,200 ,10 ,500 ,10 ,500 ,10 ,500 ,10 ,500 ,10 ,250 ,10 ,250 ,10 ,250 ,10 ,250 ,10 ,250 ,10 ,250 ,10 ,250 ,10 ,250 ,10 ,250 ,10 ,250 ,10 ,250 ,10 ,250 ,10 ,250 ,10 ,250 ,,,,,,,,,,,,,,
,phoneUpdateTime,10 ,10 ,10 ,10 ,10 ,4000 ,10 ,4000 ,10 ,500 ,10 ,500 ,10 ,500 ,10 ,500 ,10 ,1000 ,10 ,1000 ,10 ,200 ,10 ,200 ,10 ,10 ,10 ,1000 ,10 ,1000 ,10 ,1000 ,10 ,1000 ,10 ,1000 ,10 ,1000 ,10 ,1000 ,10 ,1000 ,10 ,1000 ,10 ,1000 ,10 ,1000 ,10 ,1000 ,10 ,1000 ,10 ,1000 ,10 ,1000 ,10 ,1000 ,10 ,1000 ,10 ,1000 ,10 ,1000 ,10 ,200 ,10 ,1000 ,10 ,200 ,10 ,200 ,10 ,500 ,10 ,500 ,10 ,500 ,10 ,500 ,10 ,250 ,10 ,250 ,10 ,250 ,10 ,250 ,10 ,250 ,10 ,250 ,10 ,250 ,10 ,250 ,10 ,250 ,10 ,250 ,10 ,250 ,10 ,250 ,10 ,250 ,10 ,250 ,,,,,,,,,,,,,,
,platformUpdateTime,10 ,10 ,10 ,15 ,,,,,,,,,,,,,,,,,,,,,,,,,,,,,,,10 ,1000 ,10 ,1000 ,10 ,1000 ,10 ,1000 ,10 ,1000 ,10 ,1000 ,10 ,1000 ,10 ,1000 ,10 ,1000 ,10 ,1000 ,10 ,1000 ,10 ,1000 ,10 ,1000 ,10 ,1000 ,10 ,1000 ,10 ,200 ,10 ,1000 ,10 ,200 ,10 ,200 ,10 ,500 ,10 ,500 ,10 ,500 ,10 ,500 ,10 ,250 ,10 ,250 ,10 ,250 ,10 ,250 ,10 ,250 ,10 ,250 ,10 ,250 ,10 ,250 ,10 ,250 ,10 ,250 ,10 ,250 ,10 ,250 ,10 ,250 ,10 ,250 ,,,,,,,,,,,,,,
UserContact,(Table),10 ,10 ,10 ,20 ,2000 ,5000 ,2000 ,5000 ,500 ,1000 ,500 ,1000 ,500 ,1000 ,2000 ,1000 ,2000 ,2000 ,2000 ,2000 ,400 ,400 ,400 ,400 ,10 ,10 ,2000 ,2000 ,2000 ,2000 ,2000 ,2000 ,2000 ,2000 ,2000 ,2000 ,2000 ,2000 ,2000 ,2000 ,2000 ,2000 ,2000 ,2000 ,2000 ,2000 ,2000 ,2000 ,2000 ,2000 ,2000 ,2000 ,2000 ,2000 ,2000 ,2000 ,2000 ,2000 ,2000 ,2000 ,2000 ,2000 ,2000 ,2000 ,400 ,400 ,2000 ,2000 ,400 ,400 ,400 ,400 ,100 ,500 ,100 ,500 ,100 ,500 ,100 ,500 ,50 ,250 ,50 ,250 ,50 ,250 ,50 ,250 ,100 ,500 ,50 ,250 ,100 ,500 ,100 ,500 ,100 ,500 ,100 ,500 ,100 ,500 ,50 ,250 ,50 ,250 ,100 ,500 ,,,,,,,,,,,,,,
,contactCreateTime,10 ,10 ,10 ,10 ,10 ,5000 ,10 ,5000 ,10 ,500 ,10 ,500 ,10 ,500 ,10 ,500 ,10 ,1000 ,10 ,1000 ,10 ,200 ,10 ,200 ,10 ,10 ,10 ,1000 ,10 ,1000 ,10 ,1000 ,10 ,1000 ,10 ,1000 ,10 ,1000 ,10 ,1000 ,10 ,1000 ,10 ,1000 ,10 ,1000 ,10 ,1000 ,10 ,1000 ,10 ,1000 ,10 ,1000 ,10 ,1000 ,10 ,1000 ,10 ,1000 ,10 ,1000 ,10 ,1000 ,10 ,200 ,10 ,1000 ,10 ,200 ,10 ,200 ,10 ,300 ,10 ,300 ,10 ,300 ,10 ,300 ,10 ,150 ,10 ,150 ,10 ,150 ,10 ,150 ,10 ,300 ,10 ,150 ,10 ,300 ,10 ,300 ,10 ,300 ,10 ,300 ,10 ,300 ,10 ,150 ,10 ,150 ,10 ,300 ,,,,,,,,,,,,,,
,typeCreateTime,10 ,10 ,10 ,10 ,10 ,5000 ,10 ,5000 ,10 ,500 ,10 ,500 ,10 ,500 ,10 ,500 ,10 ,1000 ,10 ,1000 ,10 ,200 ,10 ,200 ,10 ,10 ,10 ,1000 ,10 ,1000 ,10 ,1000 ,10 ,1000 ,10 ,1000 ,10 ,1000 ,10 ,1000 ,10 ,1000 ,10 ,1000 ,10 ,1000 ,10 ,1000 ,10 ,1000 ,10 ,1000 ,10 ,1000 ,10 ,1000 ,10 ,1000 ,10 ,1000 ,10 ,1000 ,10 ,1000 ,10 ,200 ,10 ,1000 ,10 ,200 ,10 ,200 ,10 ,300 ,10 ,300 ,10 ,300 ,10 ,300 ,10 ,150 ,10 ,150 ,10 ,150 ,10 ,150 ,10 ,300 ,10 ,150 ,10 ,300 ,10 ,300 ,10 ,300 ,10 ,300 ,10 ,300 ,10 ,150 ,10 ,150 ,10 ,300 ,,,,,,,,,,,,,,
sessions,(Table),100 ,100 ,600 ,100 ,900000 ,50000 ,500000 ,50000 ,40000 ,40000 ,40000 ,40000 ,10000 ,10000 ,30000 ,7500 ,60000 ,15000 ,240000 ,60000 ,4000 ,1000 ,4000 ,1000 ,100 ,100 ,33000 ,8250 ,3000 ,750 ,90000 ,22500 ,90000 ,22500 ,24000 ,6000 ,3000 ,750 ,120000 ,30000 ,21000 ,5250 ,3000 ,750 ,90000 ,22500 ,15000 ,3750 ,15000 ,3750 ,45000 ,11250 ,90000 ,22500 ,30000 ,7500 ,10500 ,2625 ,9000 ,2250 ,150000 ,37500 ,15000 ,3750 ,6000 ,1500 ,750000 ,187500 ,6000 ,1500 ,3000 ,750 ,450000 ,25000 ,900000 ,50000 ,22500 ,1250 ,13500 ,750 ,67500 ,3750 ,45000 ,2500 ,45000 ,2500 ,13500 ,750 ,225000 ,12500 ,45000 ,2500 ,90000 ,5000 ,22500 ,1250 ,36000 ,2000 ,4500 ,250 ,36000 ,2000 ,45000 ,2500 ,15750 ,875 ,13500 ,750 ,,,,,,,,,,,,,,
Dynamo合計,,1240 ,990 ,1710 ,1005 ,988390 ,148110 ,688390 ,158110 ,50800 ,59800 ,50800 ,59800 ,20800 ,29800 ,63960 ,19384 ,120600 ,40410 ,459990 ,148210 ,9630 ,4984 ,9630 ,4625 ,1040 ,860 ,69705 ,35088 ,13255 ,13133 ,176960 ,75556 ,176960 ,78600 ,52780 ,29933 ,13265 ,17995 ,233425 ,97460 ,47140 ,28411 ,13270 ,18183 ,176975 ,73814 ,35850 ,23919 ,35850 ,22591 ,92300 ,43572 ,176975 ,73814 ,64075 ,33743 ,27383 ,20060 ,24560 ,26950 ,289885 ,127636 ,35860 ,22717 ,13275 ,6747 ,921135 ,529725 ,13290 ,6874 ,7645 ,9025 ,483580 ,80407 ,970980 ,111841 ,27580 ,9530 ,17980 ,8601 ,75180 ,30325 ,51030 ,127650 ,51030 ,22650 ,17430 ,12215 ,244980 ,34341 ,51030 ,31650 ,99080 ,14886 ,27180 ,6979 ,41580 ,23190 ,7980 ,5655 ,42480 ,11146 ,51230 ,32750 ,20225 ,10728 ,17490 ,7886 ,,,,,,,,,,,,,,
Dynamo每小時費用(美元),,0 ,1 ,0 ,1 ,128 ,96 ,,,,,,,,,,,,,60 ,96 ,,,,,,,,,,,23 ,49 ,,,,,,,30 ,63 ,,,2 ,12 ,,,,,5 ,15 ,12 ,28 ,23 ,48 ,8 ,22 ,4 ,13 ,3 ,18 ,38 ,83 ,5 ,15 ,2 ,4 ,120 ,344 ,2 ,4 ,1 ,6 ,63 ,52 ,126 ,73 ,4 ,6 ,2 ,6 ,10 ,20 ,7 ,83 ,7 ,15 ,2 ,8 ,32 ,22 ,7 ,21 ,13 ,10 ,4 ,5 ,5 ,15 ,1 ,4 ,6 ,7 ,7 ,21 ,3 ,7 ,2 ,5 ,,,,,,,,,,,,,,
場次區域總數,,,,,,,,,,,,,,,,358 ,,60 ,,252 ,,36 ,,188 ,,11 ,,52 ,,36 ,,136 ,,90 ,,43 ,,4 ,,124 ,,133 ,,124 ,,112 ,,29 ,,81 ,,81 ,,112 ,,56 ,,37 ,,4 ,,42 ,,122 ,,122 ,,64 ,,74 ,,6 ,,28 ,,326 ,,28 ,,28 ,,9 ,,1 ,,8 ,,5 ,,326 ,,5 ,,326 ,,46 ,,6 ,,6 ,,27 ,,1 ,,1 ,,11 ,,,,,,,,,,,,,,,
預估平均每人購買筆數,,,,,,,,,,,,,,,,3 ,,1 ,,2 ,,2 ,,2 ,,1 ,,2 ,,1 ,,3 ,,3 ,,2 ,,2 ,,3 ,,4 ,,3 ,,2 ,,2 ,,2 ,,2 ,,2 ,,2 ,,2 ,,2 ,,2 ,,2 ,,2 ,,2 ,,2 ,,3 ,,2 ,,2 ,,2 ,,2 ,,2 ,,2 ,,2 ,,2 ,,3 ,,2 ,,2 ,,2 ,,2 ,,2 ,,2 ,,2 ,,2 ,,2 ,,,,,,,,,,,,,,,
預估人數,,",",,3000 ,,50000 ,,50000 ,,15000 ,,30000 ,,20000 ,,15000 ,,30000 ,,120000 ,,2000 ,,2000 ,,3000 ,,11000 ,,1000 ,,30000 ,,30000 ,,8000 ,,1000 ,,40000 ,,7000 ,,1000 ,,30000 ,,5000 ,,5000 ,,15000 ,,30000 ,,10000 ,,3500 ,,3000 ,,50000 ,,5000 ,,2000 ,,250000 ,,2000 ,,1000 ,,100000 ,,200000 ,,5000 ,,3000 ,,15000 ,,10000 ,,10000 ,,3000 ,,50000 ,,10000 ,,20000 ,,5000 ,,8000 ,,1000 ,,8000 ,,10000 ,,3500 ,,3000 ,,,,,,,,,,,,,,,
實際人數,,,,,,80000 ,,44000 ,,5000 ,,6000/11200,,6900 ,,4900 ,,10300 ,,40000 ,,1285 ,,611 ,,280 ,,5050 ,,150 ,,10100 ,,10233 ,,,,,,32000 ,,6600 ,,,,,,,,,,,,10000 ,,,,,,,,,,,,,,,,,,,,,,,,,,,,,,,,,,,,,,,,,,,,,,,,,,,,,,,,,,,,,,,,,,,,,
EC2總數(UI),EC2數量總數(API),1 ,1 ,3 ,1 ,,,UI (50+250),300 ,UI,100 ,UI,0 ,UI,0 ,UI,2 ,UI,0 ,600 ,900 ,UI,0 ,UI,1 ,UI,0 ,UI(25+30),0 ,UI(1+4),0 ,150 ,225 ,UI(25+125),0 ,UI(10+30),0 ,UI(1+1),0 ,200 ,300 ,UI(5+30),1 ,5 ,7 ,UI(25+125),1 ,UI(3+22),0 ,25 ,37 ,75 ,112 ,150 ,225 ,50 ,75 ,17 ,26 ,15 ,22 ,250 ,375 ,25 ,37 ,10 ,15 ,1250 ,1875 ,10 ,15 ,5 ,7 ,1000 ,1000 ,2000 ,2000 ,50 ,50 ,30 ,30 ,150 ,150 ,100 ,100 ,100 ,100 ,30 ,30 ,500 ,500 ,100 ,100 ,200 ,200 ,50 ,50 ,80 ,80 ,10 ,10 ,80 ,80 ,100 ,100 ,35 ,35 ,30 ,30 ,,,,,,,,,,,,,,
EC2數量(UI) - OnDemand,EC2數量(API) - OnDemand,1 ,1 ,1 ,1 ,,,API,450 ,API (50+100),150 ,API (50+170),0 ,API (50+100),0 ,API,3 ,API,0 ,600 ,900 ,API,0 ,API,1 ,API,0 ,API(30+53),0 ,API(1+7),0 ,25 ,25 ,API(25+200),1 ,API(15+45),0 ,API(1+6),0 ,25 ,25 ,API(5+48),1 ,1 ,1 ,API(25+200),1 ,API(3+34),0 ,3 ,3 ,12 ,12 ,25 ,25 ,12 ,12 ,3 ,3 ,1 ,1 ,25 ,25 ,3 ,3 ,3 ,3 ,125 ,188 ,3 ,3 ,1 ,1 ,100 ,100 ,200 ,200 ,5 ,5 ,3 ,3 ,15 ,15 ,10 ,10 ,10 ,10 ,3 ,3 ,50 ,50 ,10 ,10 ,20 ,20 ,5 ,5 ,3 ,3 ,3 ,3 ,8 ,8 ,10 ,10 ,4 ,4 ,3 ,3 ,,,,,,,,,,,,,,
EC2數量(UI) - Spot,EC2數量(API) - Spot,0 ,0 ,2 ,0 ,,,UI (50+250),300 ,UI,100 ,UI,150 ,UI,100 ,UI,75 ,UI,150 ,0 ,0 ,UI,10 ,UI,10 ,UI,15 ,UI(25+30),55 ,UI(1+4),5 ,125 ,200 ,UI(25+125),150 ,UI(10+30),40 ,UI(1+1),5 ,175 ,275 ,UI(5+30),35 ,4 ,6 ,UI(25+125),150 ,UI(3+22),25 ,22 ,34 ,63 ,100 ,125 ,200 ,38 ,63 ,14 ,23 ,14 ,21 ,225 ,350 ,22 ,34 ,7 ,12 ,1125 ,1688 ,7 ,12 ,4 ,6 ,900 ,900 ,1800 ,1800 ,45 ,45 ,27 ,27 ,135 ,135 ,90 ,90 ,90 ,90 ,27 ,27 ,450 ,450 ,90 ,90 ,180 ,180 ,45 ,45 ,77 ,77 ,7 ,7 ,72 ,72 ,90 ,90 ,32 ,32 ,27 ,27 ,,,,,,,,,,,,,,
EC2每小時費用(美元),,1 ,,1 ,,,,API,450 ,API (50+100),150 ,API (50+170),225 ,API (50+100),150 ,API,113 ,API,225 ,630 ,,API,15 ,API,15 ,API,23 ,API(30+53),83 ,API(1+7),8 ,53 ,,API(25+200),225 ,API(15+45),60 ,API(1+6),8 ,65 ,,API(5+48),53 ,2 ,,API(25+200),225 ,API(3+34),37 ,8 ,,26 ,,53 ,,20 ,,6 ,,4 ,,77 ,,8 ,,4 ,,406 ,,4 ,,2 ,,260 ,,520 ,,13 ,,8 ,,39 ,,26 ,,26 ,,8 ,,130 ,,26 ,,52 ,,13 ,,18 ,,4 ,,21 ,,26 ,,9 ,,8 ,,,,,,,,,,,,,,,
Cache,,m3.medium,0 ,m3.medium,0 ,r3.2xlarge,1 ,,,,,,,,,,,,,r3.2xlarge,1 ,,,,,,,,,,,r3.2xlarge,1 ,,,,,,,r3.2xlarge,1 ,,,m3.medium,0 ,,,,,r3.2xlarge,1 ,r3.2xlarge,1 ,r3.2xlarge,1 ,r3.2xlarge,1 ,r3.2xlarge,1 ,m3.medium,0 ,r3.2xlarge,1 ,m3.medium,0 ,m3.medium,0 ,r3.4xlarge,2 ,m3.medium,0 ,m3.medium,0 ,r3.4xlarge,2 ,r3.4xlarge,2 ,r3.4xlarge,2 ,r3.4xlarge,2 ,m3.medium,0 ,m3.medium,0 ,m3.medium,0 ,m3.medium,0 ,m3.medium,0 ,m3.medium,0 ,m3.medium,0 ,m3.medium,0 ,8 ,0 ,1 ,0 ,1 ,0 ,m3.medium,0 ,m3.medium,0 ,1 ,0 ,,,,,,,,,,,,,,
重開人數,,,,,,,,20000 ,,450 ,,2000 ,,,,,,2000 ,,16500 ,,,,,,,,880 ,,,,4900 ,,7000 ,,,,,,,,,,,,,,,,,,,,,,,,,,,,,,,,,,,,,,,,,,,,,,,,,,,,,,,,,,,,,,,,,,,,,,,,,,,,,,,,,,,,,,,,,
重開機器數,,,,,,,,"UI 50+100
API 250",,"UI 10
API 10",,"UI 50
API 50+50",,,,,,"UI 30
API 45",,"UI 100
API 150",,,,,,,,"UI 15
API 20",,,,"UI(3+27)
API(3+42)",,"　UI(8+27)
API(8+44)",,,,,,,,,,,,,,,,,,,,,,,,,,,,,,,,,,,,,,,,,,,,,,,,,,,,,,,,,,,,,,,,,,,,,,,,,,,,,,,,,,,,,,,,,
備註,,,,,,,,,,,,,,,,,,,,,,,,,,,,,,,,,,,,,,,,,,,,,,,,,,,,,,,,,,,,,,,,,,,,,,,,,,,,,,,,,,,,,,,,,,,,,,,,,,,,,,,,,,,,,,,,,,,,,,,,,,,
